2015/11/6 12:30,999999
2015/11/6 12:30,999999
2015/11/6 13:00,999999
2015/11/6 13:30,999999
2015/11/6 14:00,999999
2015/11/6 14:30,999999
2015/11/6 15:00,999999
2015/11/6 15:30,999999
2015/11/6 16:00,999999
2015/11/6 16:30,999999
2015/11/6 15:30,999999
2015/11/6 16:00,999999
2015/11/6 16:30,999999
2015/11/6 17:00,999999
2015/11/6 17:30,999999
2015/11/6 18:00,999999
2015/11/6 18:30,999999
2015/11/6 19:00,999999
2015/11/6 19:30,999999
2015/11/6 20:00,999999
2015/11/6 20:30,999999
2015/11/6 21:00,999999
2015/11/6 21:30,999999
2015/11/6 22:00,999999
2015/11/6 22:30,999999
2015/11/6 23:00,999999
2015/11/6 23:30,999999
2015/11/7 0:00,999999
2015/11/7 0:30,999999
2015/11/7 1:00,999999
2015/11/7 1:30,999999
2015/11/7 2:00,999999
2015/11/7 2:30,999999
2015/11/7 3:00,999999
2015/11/7 3:30,999999
2015/11/7 4:00,999999
2015/11/7 4:30,999999
2015/11/7 5:00,999999
2015/11/7 5:30,999999
2015/11/7 6:00,999999
2015/11/7 6:30,999999
2015/11/7 7:00,999999
2015/11/7 7:30,999999
2015/11/7 8:00,999999
2015/11/7 8:30,999999
2015/11/7 9:00,999999
2015/11/7 9:30,999999
2015/11/7 10:00,999999
2015/11/7 10:30,999999
2015/11/7 11:00,999999
2015/11/7 11:30,999999
2015/11/7 12:00,999999
2015/11/7 12:30,999999
2015/11/7 13:00,999999
2015/11/7 13:30,999999
2015/11/7 14:00,999999
2015/11/7 14:30,999999
2015/11/7 15:00,999999
2015/11/7 15:30,999999
2015/11/7 16:00,999999
2015/11/7 16:30,999999
2015/11/7 17:00,999999
2015/11/7 17:30,999999
2015/11/7 18:00,999999
2015/11/7 18:30,999999
2015/11/7 19:00,999999
2015/11/7 19:30,999999
2015/11/7 20:00,999999
2015/11/7 20:30,999999
2015/11/7 21:00,999999
2015/11/7 21:30,999999
2015/11/7 22:00,999999
2015/11/7 22:30,999999
2015/11/7 23:00,999999
2015/11/7 23:30,999999
2015/11/8 0:00,999999
2015/11/8 0:30,999999
2015/11/8 1:00,999999
2015/11/8 1:30,999999
2015/11/8 2:00,999999
2015/11/8 2:30,999999
2015/11/8 3:00,999999
2015/11/8 3:30,999999
2015/11/8 4:00,999999
2015/11/8 4:30,999999
2015/11/8 5:00,999999
2015/11/8 5:30,999999
2015/11/8 6:00,999999
2015/11/8 6:30,999999
2015/11/8 7:00,999999
2015/11/8 7:30,999999
2015/11/8 8:00,999999
2015/11/8 8:30,999999
2015/11/8 9:00,999999
2015/11/8 9:30,999999
2015/11/8 10:00,999999
2015/11/8 10:30,999999
2015/11/8 11:00,999999
2015/11/8 11:30,999999
2015/11/8 12:00,999999
2015/11/8 12:30,999999
2015/11/8 13:00,999999
2015/11/8 13:30,999999
2015/11/8 14:00,999999
2015/11/8 14:30,999999
2015/11/8 15:00,999999
2015/11/8 15:30,999999
2015/11/8 16:00,999999
2015/11/8 16:30,999999
2015/11/8 17:00,999999
2015/11/8 17:30,999999
2015/11/8 18:00,999999
2015/11/8 18:30,999999
2015/11/8 19:00,999999
2015/11/8 19:30,999999
2015/11/8 20:00,999999
2015/11/8 20:30,999999
2015/11/8 21:00,999999
2015/11/8 21:30,999999
2015/11/8 22:00,999999
2015/11/8 22:30,999999
2015/11/8 23:00,999999
2015/11/8 23:30,999999
2015/11/9 0:00,999999
2015/11/9 0:30,999999
2015/11/9 1:00,999999
2015/11/9 1:30,999999
2015/11/9 2:00,999999
2015/11/9 2:30,999999
2015/11/9 3:00,999999
2015/11/9 3:30,999999
2015/11/9 4:00,999999
2015/11/9 4:30,999999
2015/11/9 5:00,999999
2015/11/9 5:30,999999
2015/11/9 6:00,999999
2015/11/9 6:30,999999
2015/11/9 7:00,999999
2015/11/9 7:30,999999
2015/11/9 8:00,999999
2015/11/9 8:30,999999
2015/11/9 9:00,999999
2015/11/9 9:30,999999
2015/11/9 10:00,999999
2015/11/9 10:30,999999
2015/11/9 11:00,999999
2015/11/9 11:30,999999
2015/11/9 12:00,999999
2015/11/9 12:30,999999
2015/11/9 13:00,999999
2015/11/9 13:30,999999
2015/11/9 14:00,999999
2015/11/9 14:30,999999
2015/11/9 15:00,999999
2015/11/9 15:30,999999
2015/11/9 16:00,999999
2015/11/9 16:30,999999
2015/11/9 17:00,999999
2015/11/9 17:30,999999
2015/11/9 18:00,999999
2015/11/9 18:30,999999
2015/11/9 19:00,999999
2015/11/9 19:30,999999
2015/11/9 20:00,999999
2015/11/9 20:30,999999
2015/11/9 21:00,999999
2015/11/9 21:30,999999
2015/11/9 22:00,999999
2015/11/9 22:30,999999
2015/11/9 23:00,999999
2015/11/9 23:30,999999
2015/11/10 0:00,999999
2015/11/10 0:30,999999
2015/11/10 1:00,999999
2015/11/10 1:30,999999
2015/11/10 2:00,999999
2015/11/10 2:30,999999
2015/11/10 3:00,999999
2015/11/10 3:30,999999
2015/11/10 4:00,999999
2015/11/10 4:30,999999
2015/11/10 5:00,999999
2015/11/10 5:30,999999
2015/11/10 6:00,999999
2015/11/10 6:30,999999
2015/11/10 7:00,999999
2015/11/10 7:30,999999
2015/11/10 8:00,999999
2015/11/10 8:30,999999
2015/11/10 9:00,999999
2015/11/10 9:30,999999
2015/11/10 10:00,999999
2015/11/10 10:30,999999
2015/11/10 11:00,999999
2015/11/10 11:30,999999
2015/11/10 12:00,999999
2015/11/10 12:30,999999
2015/11/10 13:00,999999
2015/11/10 13:30,999999
2015/11/10 14:00,999999
2015/11/10 14:30,999999
2015/11/10 15:00,999999
2015/11/10 15:30,999999
2015/11/10 16:00,999999
2015/11/10 16:30,999999
2015/11/10 17:00,999999
2015/11/10 17:30,999999
2015/11/10 18:00,999999
2015/11/10 18:30,999999
2015/11/10 19:00,999999
2015/11/10 19:30,999999
2015/11/10 20:00,999999
2015/11/10 20:30,999999
2015/11/10 21:00,999999
2015/11/10 21:30,999999
2015/11/10 22:00,999999
2015/11/10 22:30,999999
2015/11/10 23:00,999999
2015/11/10 23:30,999999
2015/11/11 0:00,999999
2015/11/11 0:30,999999
2015/11/11 1:00,999999
2015/11/11 1:30,999999
2015/11/11 2:00,999999
2015/11/11 2:30,999999
2015/11/11 3:00,999999
2015/11/11 3:30,999999
2015/11/11 4:00,999999
2015/11/11 4:30,999999
2015/11/11 5:00,999999
2015/11/11 5:30,999999
2015/11/11 6:00,999999
2015/11/11 6:30,999999
2015/11/11 7:00,999999
2015/11/11 7:30,999999
2015/11/11 8:00,999999
2015/11/11 8:30,999999
2015/11/11 9:00,999999
2015/11/11 9:30,999999
2015/11/11 10:00,999999
2015/11/11 10:30,999999
2015/11/11 11:30,999999
2015/11/11 11:30,999999
2015/11/11 12:00,999999
2015/11/11 12:30,999999
2015/11/11 13:00,999999
2015/11/11 13:30,999999
2015/11/11 14:00,999999
2015/11/11 14:30,999999
2015/11/11 15:00,999999
2015/11/11 15:30,999999
2015/11/11 16:00,999999
2015/11/11 17:00,999999
2015/11/11 18:00,999999
2015/11/11 19:00,999999
2015/11/11 20:00,999999
2015/11/11 21:00,999999
2015/11/11 22:00,999999
2015/11/11 23:00,999999
2015/11/12 0:00,999999
2015/11/12 1:00,999999
2015/11/12 2:00,999999
2015/11/12 3:00,999999
2015/11/12 4:00,999999
2015/11/12 5:00,999999
2015/11/12 6:00,999999
2015/11/12 7:00,999999
2015/11/12 8:00,999999
2015/11/12 9:00,999999
2015/11/12 9:40,999999
2015/11/12 9:50,999999
2015/11/12 10:00,999999
2015/11/12 10:10,999999
2015/11/12 10:20,999999
2015/11/12 10:30,999999
2015/11/12 10:40,999999
2015/11/12 10:50,999999
2015/11/12 11:00,999999
2015/11/12 11:10,999999
2015/11/12 11:20,999999
2015/11/12 11:30,999999
2015/11/12 11:40,999999
2015/11/12 11:50,999999
2015/11/12 12:00,999999
2015/11/12 12:10,999999
2015/11/12 12:20,999999
2015/11/12 12:30,999999
2015/11/12 12:40,999999
2015/11/12 12:50,999999
2015/11/12 13:00,999999
2015/11/12 13:10,999999
2015/11/12 13:20,999999
2015/11/12 13:30,999999
2015/11/12 13:40,999999
2015/11/12 13:50,999999
2015/11/12 14:00,999999
2015/11/12 14:10,999999
2015/11/12 14:20,999999
2015/11/12 14:30,999999
2015/11/12 14:40,999999
2015/11/12 14:50,999999
2015/11/12 15:00,999999
2015/11/12 15:10,999999
2015/11/12 15:20,999999
2015/11/12 15:30,999999
2015/11/12 15:40,999999
2015/11/12 15:50,999999
2015/11/12 16:00,999999
2015/11/12 16:10,999999
2015/11/12 16:20,999999
2015/11/12 16:30,999999
2015/11/12 16:40,999999
2015/11/12 16:50,999999
2015/11/12 17:00,999999
2015/11/12 17:10,999999
2015/11/12 17:20,999999
2015/11/12 17:30,999999
2015/11/12 17:40,999999
2015/11/12 17:50,999999
2015/11/12 18:00,999999
2015/11/12 18:10,999999
2015/11/12 18:20,999999
2015/11/12 18:30,999999
2015/11/12 18:40,999999
2015/11/12 18:50,999999
2015/11/12 19:00,999999
2015/11/12 19:10,999999
2015/11/12 19:20,999999
2015/11/12 19:30,999999
2015/11/12 19:40,999999
2015/11/12 19:50,999999
2015/11/12 20:00,999999
2015/11/12 20:10,999999
2015/11/12 20:20,999999
2015/11/12 20:30,999999
2015/11/12 20:40,999999
2015/11/12 20:50,999999
2015/11/12 21:00,999999
2015/11/12 21:10,999999
2015/11/12 21:20,999999
2015/11/12 21:30,999999
2015/11/12 21:40,999999
2015/11/12 21:50,999999
2015/11/12 22:00,999999
2015/11/12 22:10,999999
2015/11/12 22:20,999999
2015/11/12 22:30,999999
2015/11/12 22:40,999999
2015/11/12 22:50,999999
2015/11/12 23:00,999999
2015/11/12 23:10,999999
2015/11/12 23:20,999999
2015/11/12 23:30,999999
2015/11/12 23:40,999999
2015/11/12 23:50,999999
2015/11/13 0:00,999999
2015/11/13 0:10,999999
2015/11/13 0:20,999999
2015/11/13 0:30,999999
2015/11/13 0:40,999999
2015/11/13 0:50,999999
2015/11/13 1:00,999999
2015/11/13 1:10,999999
2015/11/13 1:20,999999
2015/11/13 1:30,999999
2015/11/13 1:40,999999
2015/11/13 1:50,999999
2015/11/13 2:00,999999
2015/11/13 2:10,999999
2015/11/13 2:20,999999
2015/11/13 2:30,999999
2015/11/13 2:40,999999
2015/11/13 2:50,999999
2015/11/13 3:00,999999
2015/11/13 3:10,999999
2015/11/13 3:20,999999
2015/11/13 3:30,999999
2015/11/13 3:40,999999
2015/11/13 3:50,999999
2015/11/13 4:00,999999
2015/11/13 4:10,999999
2015/11/13 4:20,999999
2015/11/13 4:30,999999
2015/11/13 4:40,999999
2015/11/13 4:50,999999
2015/11/13 5:00,999999
2015/11/13 5:10,999999
2015/11/13 5:20,999999
2015/11/13 5:30,999999
2015/11/13 5:40,999999
2015/11/13 5:50,999999
2015/11/13 6:00,999999
2015/11/13 6:10,999999
2015/11/13 6:20,999999
2015/11/13 6:30,999999
2015/11/13 6:40,999999
2015/11/13 6:50,999999
2015/11/13 7:00,999999
2015/11/13 7:10,999999
2015/11/13 7:20,999999
2015/11/13 7:30,999999
2015/11/13 7:40,999999
2015/11/13 7:50,999999
2015/11/13 8:00,999999
2015/11/13 8:10,999999
2015/11/13 8:20,999999
2015/11/13 8:30,999999
2015/11/13 8:40,999999
2015/11/13 8:50,999999
2015/11/13 9:00,999999
2015/11/13 9:10,999999
2015/11/13 9:20,999999
2015/11/13 9:30,999999
2015/11/13 9:40,999999
2015/11/13 9:50,999999
2015/11/13 10:00,999999
2015/11/13 10:10,999999
2015/11/13 10:20,999999
2015/11/13 10:30,999999
2015/11/13 10:40,999999
2015/11/13 10:50,999999
2015/11/13 11:00,999999
2015/11/13 11:10,999999
2015/11/13 11:20,999999
2015/11/13 11:30,999999
2015/11/13 11:40,999999
2015/11/13 11:50,999999
2015/11/13 12:00,999999
2015/11/13 12:10,999999
2015/11/13 12:20,999999
2015/11/13 12:30,999999
2015/11/13 12:40,999999
2015/11/13 12:50,999999
2015/11/13 13:00,999999
2015/11/13 13:10,999999
2015/11/13 13:20,999999
2015/11/13 13:30,999999
2015/11/13 13:40,999999
2015/11/13 13:50,999999
2015/11/13 14:00,999999
2015/11/13 14:10,999999
2015/11/13 14:20,999999
2015/11/13 14:30,999999
2015/11/13 14:40,999999
2015/11/13 14:50,999999
2015/11/13 15:00,999999
2015/11/13 15:10,999999
2015/11/13 15:20,999999
2015/11/13 15:30,999999
2015/11/13 15:40,999999
2015/11/13 15:50,999999
2015/11/13 16:00,999999
2015/11/13 16:10,999999
2015/11/13 16:20,999999
2015/11/13 16:30,999999
2015/11/13 16:40,999999
2015/11/13 16:50,999999
2015/11/13 17:00,999999
2015/11/13 17:10,999999
2015/11/13 17:20,999999
2015/11/13 17:30,999999
2015/11/13 17:40,999999
2015/11/13 17:50,999999
2015/11/13 18:00,999999
2015/11/13 18:10,999999
2015/11/13 18:20,999999
2015/11/13 18:30,999999
2015/11/13 18:40,999999
2015/11/13 18:50,999999
2015/11/13 19:00,999999
2015/11/13 19:10,999999
2015/11/13 19:20,999999
2015/11/13 19:30,999999
2015/11/13 19:40,999999
2015/11/13 19:50,999999
2015/11/13 20:00,999999
2015/11/13 20:10,999999
2015/11/13 20:20,999999
2015/11/13 20:30,999999
2015/11/13 20:40,999999
2015/11/13 20:50,999999
2015/11/13 21:00,999999
2015/11/13 21:10,999999
2015/11/13 21:20,999999
2015/11/13 21:30,999999
2015/11/13 21:40,999999
2015/11/13 21:50,999999
2015/11/13 22:00,999999
2015/11/13 22:10,999999
2015/11/13 22:20,999999
2015/11/13 22:30,999999
2015/11/13 22:40,999999
2015/11/13 22:50,999999
2015/11/13 23:00,999999
2015/11/13 23:10,999999
2015/11/13 23:20,999999
2015/11/13 23:30,999999
2015/11/13 23:40,999999
2015/11/13 23:50,999999
2015/11/14 0:00,999999
2015/11/14 0:10,999999
2015/11/14 0:20,999999
2015/11/14 0:30,999999
2015/11/14 0:40,999999
2015/11/14 0:50,999999
2015/11/14 1:00,999999
2015/11/14 1:10,999999
2015/11/14 1:20,999999
2015/11/14 1:30,999999
2015/11/14 1:40,999999
2015/11/14 1:50,999999
2015/11/14 2:00,999999
2015/11/14 2:10,999999
2015/11/14 2:20,999999
2015/11/14 2:30,999999
2015/11/14 2:40,999999
2015/11/14 2:50,999999
2015/11/14 3:00,999999
2015/11/14 3:10,999999
2015/11/14 3:20,999999
2015/11/14 3:30,999999
2015/11/14 3:40,999999
2015/11/14 3:50,999999
2015/11/14 4:00,999999
2015/11/14 4:10,999999
2015/11/14 4:20,999999
2015/11/14 4:30,999999
2015/11/14 4:40,999999
2015/11/14 4:50,999999
2015/11/14 5:00,999999
2015/11/14 5:10,999999
2015/11/14 5:20,999999
2015/11/14 5:30,999999
2015/11/14 5:40,999999
2015/11/14 5:50,999999
2015/11/14 6:00,999999
2015/11/14 6:10,999999
2015/11/14 6:20,999999
2015/11/14 6:30,999999
2015/11/14 6:40,999999
2015/11/14 6:50,999999
2015/11/14 7:00,999999
2015/11/14 7:10,999999
2015/11/14 7:20,999999
2015/11/14 7:30,999999
2015/11/14 7:40,999999
2015/11/14 7:50,999999
2015/11/14 8:00,999999
2015/11/14 8:10,999999
2015/11/14 8:20,999999
2015/11/14 8:30,999999
2015/11/14 8:40,999999
2015/11/14 8:50,999999
2015/11/14 9:00,999999
2015/11/14 9:10,999999
2015/11/14 9:20,999999
2015/11/14 9:30,999999
2015/11/14 9:40,999999
2015/11/14 9:50,999999
2015/11/14 10:00,999999
2015/11/14 10:10,999999
2015/11/14 10:20,999999
2015/11/14 10:30,999999
2015/11/14 10:40,999999
2015/11/14 10:50,999999
2015/11/14 11:00,999999
2015/11/14 11:10,999999
2015/11/14 11:20,999999
2015/11/14 11:30,999999
2015/11/14 11:40,999999
2015/11/14 11:50,999999
2015/11/14 12:00,999999
2015/11/14 12:10,999999
2015/11/14 12:20,999999
2015/11/14 12:30,999999
2015/11/14 12:40,999999
2015/11/14 12:50,999999
2015/11/14 13:00,999999
2015/11/14 13:10,999999
2015/11/14 13:20,999999
2015/11/14 13:30,999999
2015/11/14 13:40,999999
2015/11/14 13:50,999999
2015/11/14 14:00,999999
2015/11/14 14:10,999999
2015/11/14 14:20,999999
2015/11/14 14:30,999999
2015/11/14 14:40,999999
2015/11/14 14:50,999999
2015/11/14 15:00,999999
2015/11/14 15:10,999999
2015/11/14 15:20,999999
2015/11/14 15:30,999999
2015/11/14 15:40,999999
2015/11/14 15:50,999999
2015/11/14 16:00,999999
2015/11/14 16:10,999999
2015/11/14 16:20,999999
2015/11/14 16:30,999999
2015/11/14 16:40,999999
2015/11/14 16:50,999999
2015/11/14 17:00,999999
2015/11/14 17:10,999999
2015/11/14 17:20,999999
2015/11/14 17:30,999999
2015/11/14 17:40,999999
2015/11/14 17:50,999999
2015/11/14 18:00,999999
2015/11/14 18:10,999999
2015/11/14 18:20,999999
2015/11/14 18:30,999999
2015/11/14 18:40,999999
2015/11/14 18:50,999999
2015/11/14 19:00,999999
2015/11/14 19:10,999999
2015/11/14 19:20,999999
2015/11/14 19:30,999999
2015/11/14 19:40,999999
2015/11/14 19:50,999999
2015/11/14 20:00,999999
2015/11/14 20:10,999999
2015/11/14 20:20,999999
2015/11/14 20:30,999999
2015/11/14 20:40,999999
2015/11/14 20:50,999999
2015/11/14 21:00,999999
2015/11/14 21:10,999999
2015/11/14 21:20,999999
2015/11/14 21:30,999999
2015/11/14 21:40,999999
2015/11/14 21:50,999999
2015/11/14 22:00,999999
2015/11/14 22:10,999999
2015/11/14 22:20,999999
2015/11/14 22:30,999999
2015/11/14 22:40,999999
2015/11/14 22:50,999999
2015/11/14 23:00,999999
2015/11/14 23:10,999999
2015/11/14 23:20,999999
2015/11/14 23:30,999999
2015/11/14 23:40,999999
2015/11/14 23:50,999999
2015/11/15 0:00,999999
2015/11/15 0:10,999999
2015/11/15 0:20,999999
2015/11/15 0:30,999999
2015/11/15 0:40,999999
2015/11/15 0:50,999999
2015/11/15 1:00,999999
2015/11/15 1:10,999999
2015/11/15 1:20,999999
2015/11/15 1:30,999999
2015/11/15 1:40,999999
2015/11/15 1:50,999999
2015/11/15 2:00,999999
2015/11/15 2:10,999999
2015/11/15 2:20,999999
2015/11/15 2:30,999999
2015/11/15 2:40,999999
2015/11/15 2:50,999999
2015/11/15 3:00,999999
2015/11/15 3:10,999999
2015/11/15 3:20,999999
2015/11/15 3:30,999999
2015/11/15 3:40,999999
2015/11/15 3:50,999999
2015/11/15 4:00,999999
2015/11/15 4:10,999999
2015/11/15 4:20,999999
2015/11/15 4:30,999999
2015/11/15 4:40,999999
2015/11/15 4:50,999999
2015/11/15 5:00,999999
2015/11/15 5:10,999999
2015/11/15 5:20,999999
2015/11/15 5:30,999999
2015/11/15 5:40,999999
2015/11/15 5:50,999999
2015/11/15 6:00,999999
2015/11/15 6:10,999999
2015/11/15 6:20,999999
2015/11/15 6:30,999999
2015/11/15 6:40,999999
2015/11/15 6:50,999999
2015/11/15 7:00,999999
2015/11/15 7:10,999999
2015/11/15 7:20,999999
2015/11/15 7:30,999999
2015/11/15 7:40,999999
2015/11/15 7:50,999999
2015/11/15 8:00,999999
2015/11/15 8:10,999999
2015/11/15 8:20,999999
2015/11/15 8:30,999999
2015/11/15 8:40,999999
2015/11/15 8:50,999999
2015/11/15 9:00,999999
2015/11/15 9:10,999999
2015/11/15 9:20,999999
2015/11/15 9:30,999999
2015/11/15 9:40,999999
2015/11/15 9:50,999999
2015/11/15 10:00,999999
2015/11/15 10:10,999999
2015/11/15 10:20,999999
2015/11/15 10:30,999999
2015/11/15 10:40,999999
2015/11/15 10:50,999999
2015/11/15 11:00,999999
2015/11/15 11:10,999999
2015/11/15 11:20,999999
2015/11/15 11:30,999999
2015/11/15 11:40,999999
2015/11/15 11:50,999999
2015/11/15 12:00,999999
2015/11/15 12:10,999999
2015/11/15 12:20,999999
2015/11/15 12:30,999999
2015/11/15 12:40,999999
2015/11/15 12:50,999999
2015/11/15 13:00,999999
2015/11/15 13:10,999999
2015/11/15 13:20,999999
2015/11/15 13:30,999999
2015/11/15 13:40,999999
2015/11/15 13:50,999999
2015/11/15 14:00,999999
2015/11/15 14:10,999999
2015/11/15 14:20,999999
2015/11/15 14:30,999999
2015/11/15 14:40,999999
2015/11/15 14:50,999999
2015/11/15 15:00,999999
2015/11/15 15:10,999999
2015/11/15 15:20,999999
2015/11/15 15:30,999999
2015/11/15 15:40,999999
2015/11/15 15:50,999999
2015/11/15 16:00,999999
2015/11/15 16:10,999999
2015/11/15 16:20,999999
2015/11/15 16:30,999999
2015/11/15 16:40,999999
2015/11/15 16:50,999999
2015/11/15 17:00,999999
2015/11/15 17:10,999999
2015/11/15 17:20,999999
2015/11/15 17:30,999999
2015/11/15 17:40,999999
2015/11/15 17:50,999999
2015/11/15 18:00,999999
2015/11/15 18:10,999999
2015/11/15 18:20,999999
2015/11/15 18:30,999999
2015/11/15 18:40,999999
2015/11/15 18:50,999999
2015/11/15 19:00,999999
2015/11/15 19:10,999999
2015/11/15 19:20,999999
2015/11/15 19:30,999999
2015/11/15 19:40,999999
2015/11/15 19:50,999999
2015/11/15 20:00,999999
2015/11/15 20:10,999999
2015/11/15 20:20,999999
2015/11/15 20:30,999999
2015/11/15 20:40,999999
2015/11/15 20:50,999999
2015/11/15 21:00,999999
2015/11/15 21:10,999999
2015/11/15 21:20,999999
2015/11/15 21:30,999999
2015/11/15 21:40,999999
2015/11/15 21:50,999999
2015/11/15 22:00,999999
2015/11/15 22:10,999999
2015/11/15 22:20,999999
2015/11/15 22:30,999999
2015/11/15 22:40,999999
2015/11/15 22:50,999999
2015/11/15 23:00,999999
2015/11/15 23:10,999999
2015/11/15 23:20,999999
2015/11/15 23:30,999999
2015/11/15 23:40,999999
2015/11/15 23:50,999999
2015/11/16 0:00,999999
2015/11/16 0:10,999999
2015/11/16 0:20,999999
2015/11/16 0:30,999999
2015/11/16 0:40,999999
2015/11/16 0:50,999999
2015/11/16 1:00,999999
2015/11/16 1:10,999999
2015/11/16 1:20,999999
2015/11/16 1:30,999999
2015/11/16 1:40,999999
2015/11/16 1:50,999999
2015/11/16 2:00,999999
2015/11/16 2:10,999999
2015/11/16 2:20,999999
2015/11/16 2:30,999999
2015/11/16 2:40,999999
2015/11/16 2:50,999999
2015/11/16 3:00,999999
2015/11/16 3:10,999999
2015/11/16 3:20,999999
2015/11/16 3:30,999999
2015/11/16 3:40,999999
2015/11/16 3:50,999999
2015/11/16 4:00,999999
2015/11/16 4:10,999999
2015/11/16 4:20,999999
2015/11/16 4:30,999999
2015/11/16 4:40,999999
2015/11/16 4:50,999999
2015/11/16 5:00,999999
2015/11/16 5:10,999999
2015/11/16 5:20,999999
2015/11/16 5:30,999999
2015/11/16 5:40,999999
2015/11/16 5:50,999999
2015/11/16 6:00,999999
2015/11/16 6:10,999999
2015/11/16 6:20,999999
2015/11/16 6:30,999999
2015/11/16 6:40,999999
2015/11/16 6:50,999999
2015/11/16 7:00,999999
2015/11/16 7:10,999999
2015/11/16 7:20,999999
2015/11/16 7:30,999999
2015/11/16 7:40,999999
2015/11/16 7:50,999999
2015/11/16 8:00,999999
2015/11/16 8:10,999999
2015/11/16 8:20,999999
2015/11/16 8:30,999999
2015/11/16 8:40,999999
2015/11/16 8:50,999999
2015/11/16 9:00,999999
2015/11/16 9:10,999999
2015/11/16 9:20,999999
2015/11/16 9:30,999999
2015/11/16 9:40,999999
2015/11/16 9:50,999999
2015/11/16 10:00,999999
2015/11/16 10:10,999999
2015/11/16 10:20,999999
2015/11/16 10:30,999999
2015/11/16 10:40,999999
2015/11/16 10:50,999999
2015/11/16 11:00,999999
2015/11/16 11:10,999999
2015/11/16 11:20,999999
2015/11/16 11:30,999999
2015/11/16 11:40,999999
2015/11/16 11:50,999999
2015/11/16 12:00,999999
2015/11/16 12:10,999999
2015/11/16 12:20,999999
2015/11/16 12:30,999999
2015/11/16 12:40,999999
2015/11/16 12:50,999999
2015/11/16 13:00,999999
2015/11/16 13:10,999999
2015/11/16 13:20,999999
2015/11/16 13:30,999999
2015/11/16 13:40,999999
2015/11/16 13:50,999999
2015/11/16 14:00,999999
2015/11/16 14:10,999999
2015/11/16 14:20,999999
2015/11/16 14:30,999999
2015/11/16 14:40,999999
2015/11/16 14:50,999999
2015/11/16 15:00,999999
2015/11/16 15:10,999999
2015/11/16 15:20,999999
2015/11/16 15:30,999999
2015/11/16 15:40,999999
2015/11/16 15:50,999999
2015/11/16 16:00,999999
2015/11/16 16:10,999999
2015/11/16 16:20,999999
2015/11/16 16:30,999999
2015/11/16 16:40,999999
2015/11/16 16:50,999999
2015/11/16 17:00,999999
2015/11/16 17:10,999999
2015/11/16 17:20,999999
2015/11/16 17:30,999999
2015/11/16 17:40,999999
2015/11/16 17:50,999999
2015/11/16 18:00,999999
2015/11/16 18:10,999999
2015/11/16 18:20,999999
2015/11/16 18:30,999999
2015/11/16 18:40,999999
2015/11/16 18:50,999999
2015/11/16 19:00,999999
2015/11/16 19:10,999999
2015/11/16 19:20,999999
2015/11/16 19:30,999999
2015/11/16 19:40,999999
2015/11/16 19:50,999999
2015/11/16 20:00,999999
2015/11/16 20:10,999999
2015/11/16 20:20,999999
2015/11/16 20:30,999999
2015/11/16 20:40,999999
2015/11/16 20:50,999999
2015/11/16 21:00,999999
2015/11/16 21:10,999999
2015/11/16 21:20,999999
2015/11/16 21:30,999999
2015/11/16 21:40,999999
2015/11/16 21:50,999999
2015/11/16 22:00,999999
2015/11/16 22:10,999999
2015/11/16 22:20,999999
2015/11/16 22:30,999999
2015/11/16 22:40,999999
2015/11/16 22:50,999999
2015/11/16 23:00,999999
2015/11/16 23:10,999999
2015/11/16 23:20,999999
2015/11/16 23:30,999999
2015/11/16 23:40,999999
2015/11/16 23:50,999999
2015/11/17 0:00,999999
2015/11/17 0:10,999999
2015/11/17 0:20,999999
2015/11/17 0:30,999999
2015/11/17 0:40,999999
2015/11/17 0:50,999999
2015/11/17 1:00,999999
2015/11/17 1:10,999999
2015/11/17 1:20,999999
2015/11/17 1:30,999999
2015/11/17 1:40,999999
2015/11/17 1:50,999999
2015/11/17 2:00,999999
2015/11/17 2:10,999999
2015/11/17 2:20,999999
2015/11/17 2:30,999999
2015/11/17 2:40,999999
2015/11/17 2:50,999999
2015/11/17 3:00,999999
2015/11/17 3:10,999999
2015/11/17 3:20,999999
2015/11/17 3:30,999999
2015/11/17 3:40,999999
2015/11/17 3:50,999999
2015/11/17 4:00,999999
2015/11/17 4:10,999999
2015/11/17 4:20,999999
2015/11/17 4:30,999999
2015/11/17 4:40,999999
2015/11/17 4:50,999999
2015/11/17 5:00,999999
2015/11/17 5:10,999999
2015/11/17 5:20,999999
2015/11/17 5:30,999999
2015/11/17 5:40,999999
2015/11/17 5:50,999999
2015/11/17 6:00,999999
2015/11/17 6:10,999999
2015/11/17 6:20,999999
2015/11/17 6:30,999999
2015/11/17 6:40,999999
2015/11/17 6:50,999999
2015/11/17 7:00,999999
2015/11/17 7:10,999999
2015/11/17 7:20,999999
2015/11/17 7:30,999999
2015/11/17 7:40,999999
2015/11/17 7:50,999999
2015/11/17 8:00,999999
2015/11/17 8:10,999999
2015/11/17 8:20,999999
2015/11/17 8:30,999999
2015/11/17 8:40,999999
2015/11/17 8:50,999999
2015/11/17 9:00,999999
2015/11/17 9:10,999999
2015/11/17 9:20,999999
2015/11/17 9:30,999999
2015/11/17 9:40,999999
2015/11/17 9:50,999999
2015/11/17 10:00,999999
2015/11/17 10:10,999999
2015/11/17 10:20,999999
2015/11/17 10:30,999999
2015/11/17 10:40,999999
2015/11/17 10:50,999999
2015/11/17 11:00,999999
2015/11/17 11:10,999999
2015/11/17 11:20,999999
2015/11/17 11:30,999999
2015/11/17 11:40,999999
2015/11/17 11:50,999999
2015/11/17 12:00,999999
2015/11/17 12:10,999999
2015/11/17 12:20,999999
2015/11/17 12:30,999999
2015/11/17 12:40,999999
2015/11/17 12:50,999999
2015/11/17 13:00,999999
2015/11/17 13:10,999999
2015/11/17 13:20,999999
2015/11/17 13:30,999999
2015/11/17 13:40,999999
2015/11/17 13:50,999999
2015/11/17 14:00,999999
2015/11/17 14:10,999999
2015/11/17 14:20,999999
2015/11/17 14:30,999999
2015/11/17 14:40,999999
2015/11/17 14:50,999999
2015/11/17 15:00,999999
2015/11/17 15:10,999999
2015/11/17 15:20,999999
2015/11/17 15:30,999999
2015/11/17 15:40,999999
2015/11/17 15:50,999999
2015/11/17 16:00,999999
2015/11/17 16:10,999999
2015/11/17 16:20,999999
2015/11/17 16:30,999999
2015/11/17 16:40,999999
2015/11/17 16:50,999999
2015/11/17 17:00,999999
2015/11/17 17:10,999999
2015/11/17 17:20,999999
2015/11/17 17:30,999999
2015/11/17 17:40,999999
2015/11/17 17:50,999999
2015/11/17 18:00,999999
2015/11/17 18:10,999999
2015/11/17 18:20,999999
2015/11/17 18:30,999999
2015/11/17 18:40,999999
2015/11/17 18:50,999999
2015/11/17 19:00,999999
2015/11/17 19:10,999999
2015/11/17 19:20,999999
2015/11/17 19:30,999999
2015/11/17 19:40,999999
2015/11/17 19:50,999999
2015/11/17 20:00,999999
2015/11/17 20:10,999999
2015/11/17 20:20,999999
2015/11/17 20:30,999999
2015/11/17 20:40,999999
2015/11/17 20:50,999999
2015/11/17 21:00,999999
2015/11/17 21:10,999999
2015/11/17 21:20,999999
2015/11/17 21:30,999999
2015/11/17 21:40,999999
2015/11/17 21:50,999999
2015/11/17 22:00,999999
2015/11/17 22:10,999999
2015/11/17 22:20,999999
2015/11/17 22:30,999999
2015/11/17 22:40,999999
2015/11/17 22:50,999999
2015/11/17 23:00,999999
2015/11/17 23:10,999999
2015/11/17 23:20,999999
2015/11/17 23:30,999999
2015/11/17 23:40,999999
2015/11/17 23:50,999999
2015/11/18 0:00,999999
2015/11/18 0:10,999999
2015/11/18 0:20,999999
2015/11/18 0:30,999999
2015/11/18 0:40,999999
2015/11/18 0:50,999999
2015/11/18 1:00,999999
2015/11/18 1:10,999999
2015/11/18 1:20,999999
2015/11/18 1:30,999999
2015/11/18 1:40,999999
2015/11/18 1:50,999999
2015/11/18 2:00,999999
2015/11/18 2:10,999999
2015/11/18 2:20,999999
2015/11/18 2:30,999999
2015/11/18 2:40,999999
2015/11/18 2:50,999999
2015/11/18 3:00,999999
2015/11/18 3:10,999999
2015/11/18 3:20,999999
2015/11/18 3:30,999999
2015/11/18 3:40,999999
2015/11/18 3:50,999999
2015/11/18 4:00,999999
2015/11/18 4:10,999999
2015/11/18 4:20,999999
2015/11/18 4:30,999999
2015/11/18 4:40,999999
2015/11/18 4:50,999999
2015/11/18 5:00,999999
2015/11/18 5:10,999999
2015/11/18 5:20,999999
2015/11/18 5:30,999999
2015/11/18 5:40,999999
2015/11/18 5:50,999999
2015/11/18 6:00,999999
2015/11/18 6:10,999999
2015/11/18 6:20,999999
2015/11/18 6:30,999999
2015/11/18 6:40,999999
2015/11/18 6:50,999999
2015/11/18 7:00,999999
2015/11/18 7:10,999999
2015/11/18 7:20,999999
2015/11/18 7:30,999999
2015/11/18 7:40,999999
2015/11/18 7:50,999999
2015/11/18 8:00,999999
2015/11/18 8:10,999999
2015/11/18 8:20,999999
2015/11/18 8:30,999999
2015/11/18 8:40,999999
2015/11/18 8:50,999999
2015/11/18 9:00,999999
2015/11/18 9:10,999999
2015/11/18 9:20,999999
2015/11/18 9:30,999999
2015/11/18 9:40,999999
2015/11/18 9:50,999999
2015/11/18 10:00,999999
2015/11/18 10:10,999999
2015/11/18 10:20,999999
2015/11/18 10:30,999999
2015/11/18 10:40,999999
2015/11/18 10:50,999999
2015/11/18 11:00,999999
2015/11/18 11:10,999999
2015/11/18 11:20,999999
2015/11/18 11:30,999999
2015/11/18 11:40,999999
2015/11/18 11:50,999999
2015/11/18 12:00,999999
2015/11/18 12:10,999999
2015/11/18 12:20,999999
2015/11/18 12:30,999999
2015/11/18 12:40,999999
2015/11/18 12:50,999999
2015/11/18 13:00,999999
2015/11/18 13:10,999999
2015/11/18 13:20,999999
2015/11/18 13:30,999999
2015/11/18 13:40,999999
2015/11/18 13:50,999999
2015/11/18 14:00,999999
2015/11/18 14:10,999999
2015/11/18 14:20,999999
2015/11/18 14:30,999999
2015/11/18 14:40,999999
2015/11/18 14:50,999999
2015/11/18 15:00,999999
2015/11/18 15:10,999999
2015/11/18 15:20,999999
2015/11/18 15:30,999999
2015/11/18 15:40,999999
2015/11/18 15:50,999999
2015/11/18 16:00,999999
2015/11/18 16:10,999999
2015/11/18 16:20,999999
2015/11/18 16:30,999999
2015/11/18 16:40,999999
2015/11/18 16:50,999999
2015/11/18 17:00,999999
2015/11/18 17:10,999999
2015/11/18 17:20,999999
2015/11/18 17:30,999999
2015/11/18 17:40,999999
2015/11/18 17:50,999999
2015/11/18 18:00,999999
2015/11/18 18:10,999999
2015/11/18 18:20,999999
2015/11/18 18:30,999999
2015/11/18 18:40,999999
2015/11/18 18:50,999999
2015/11/18 19:00,999999
2015/11/18 19:10,999999
2015/11/18 19:20,999999
2015/11/18 19:30,999999
2015/11/18 19:40,999999
2015/11/18 19:50,999999
2015/11/18 20:00,999999
2015/11/18 20:10,999999
2015/11/18 20:20,999999
2015/11/18 20:30,999999
2015/11/18 20:40,999999
2015/11/18 20:50,999999
2015/11/18 21:00,999999
2015/11/18 21:10,999999
2015/11/18 21:20,999999
2015/11/18 21:30,999999
2015/11/18 21:40,999999
2015/11/18 21:50,999999
2015/11/18 22:00,999999
2015/11/18 22:10,999999
2015/11/18 22:20,999999
2015/11/18 22:30,999999
2015/11/18 22:40,999999
2015/11/18 22:50,999999
2015/11/18 23:00,999999
2015/11/18 23:10,999999
2015/11/18 23:20,999999
2015/11/18 23:30,999999
2015/11/18 23:40,999999
2015/11/18 23:50,999999
2015/11/19 0:00,999999
2015/11/19 0:10,999999
2015/11/19 0:20,999999
2015/11/19 0:30,999999
2015/11/19 0:40,999999
2015/11/19 0:50,999999
2015/11/19 1:00,999999
2015/11/19 1:10,999999
2015/11/19 1:20,999999
2015/11/19 1:30,999999
2015/11/19 1:40,999999
2015/11/19 1:50,999999
2015/11/19 2:00,999999
2015/11/19 2:10,999999
2015/11/19 2:20,999999
2015/11/19 2:30,999999
2015/11/19 2:40,999999
2015/11/19 2:50,999999
2015/11/19 3:00,999999
2015/11/19 3:10,999999
2015/11/19 3:20,999999
2015/11/19 3:30,999999
2015/11/19 3:40,999999
2015/11/19 3:50,999999
2015/11/19 4:00,999999
2015/11/19 4:10,999999
2015/11/19 4:20,999999
2015/11/19 4:30,999999
2015/11/19 4:40,999999
2015/11/19 4:50,999999
2015/11/19 5:00,999999
2015/11/19 5:10,999999
2015/11/19 5:20,999999
2015/11/19 5:30,999999
2015/11/19 5:40,999999
2015/11/19 5:50,999999
2015/11/19 6:00,999999
2015/11/19 6:10,999999
2015/11/19 6:20,999999
2015/11/19 6:30,999999
2015/11/19 6:40,999999
2015/11/19 6:50,999999
2015/11/19 7:00,999999
2015/11/19 7:10,999999
2015/11/19 7:20,999999
2015/11/19 7:30,999999
2015/11/19 7:40,999999
2015/11/19 7:50,999999
2015/11/19 8:00,999999
2015/11/19 8:10,999999
2015/11/19 8:20,999999
2015/11/19 8:30,999999
2015/11/19 8:40,999999
2015/11/19 8:50,999999
2015/11/19 9:00,999999
2015/11/19 9:10,999999
2015/11/19 9:20,999999
2015/11/19 9:30,999999
2015/11/19 9:40,999999
2015/11/19 9:50,999999
2015/11/19 10:00,999999
2015/11/19 10:10,999999
2015/11/19 10:20,999999
2015/11/19 10:30,999999
2015/11/19 10:40,999999
2015/11/19 10:50,999999
2015/11/19 11:00,999999
2015/11/19 11:10,999999
2015/11/19 11:20,999999
2015/11/19 11:30,999999
2015/11/19 11:40,999999
2015/11/19 11:50,999999
2015/11/19 12:00,999999
2015/11/19 12:10,999999
2015/11/19 12:20,999999
2015/11/19 12:30,999999
2015/11/19 12:40,999999
2015/11/19 12:50,999999
2015/11/19 13:00,999999
2015/11/19 13:10,999999
2015/11/19 13:20,999999
2015/11/19 13:30,999999
2015/11/19 13:40,999999
2015/11/19 13:50,999999
2015/11/19 14:00,999999
2015/11/19 14:10,999999
2015/11/19 14:20,999999
2015/11/19 14:30,999999
2015/11/19 14:40,999999
2015/11/19 14:50,999999
2015/11/19 15:00,999999
2015/11/19 15:10,999999
2015/11/19 15:20,999999
2015/11/19 15:30,999999
2015/11/19 15:40,999999
2015/11/19 15:50,999999
2015/11/19 16:00,999999
2015/11/19 16:10,999999
2015/11/19 16:20,999999
2015/11/19 16:30,999999
2015/11/19 16:40,999999
2015/11/19 16:50,999999
2015/11/19 17:00,999999
2015/11/19 17:10,999999
2015/11/19 17:20,999999
2015/11/19 17:30,999999
2015/11/19 17:40,999999
2015/11/19 17:50,999999
2015/11/19 18:00,999999
2015/11/19 18:10,999999
2015/11/19 18:20,999999
2015/11/19 18:30,999999
2015/11/19 18:40,999999
2015/11/19 18:50,999999
2015/11/19 19:00,999999
2015/11/19 19:10,999999
2015/11/19 19:20,999999
2015/11/19 19:30,999999
2015/11/19 19:40,999999
2015/11/19 19:50,999999
2015/11/19 20:00,999999
2015/11/19 20:10,999999
2015/11/19 20:20,999999
2015/11/19 20:30,999999
2015/11/19 20:40,999999
2015/11/19 20:50,999999
2015/11/19 21:00,999999
2015/11/19 21:10,999999
2015/11/19 21:20,999999
2015/11/19 21:30,999999
2015/11/19 21:40,999999
2015/11/19 21:50,999999
2015/11/19 22:00,999999
2015/11/19 22:10,999999
2015/11/19 22:20,999999
2015/11/19 22:30,999999
2015/11/19 22:40,999999
2015/11/19 22:50,999999
2015/11/19 23:00,999999
2015/11/19 23:10,999999
2015/11/19 23:20,999999
2015/11/19 23:30,999999
2015/11/19 23:40,999999
2015/11/19 23:50,999999
2015/11/20 0:00,999999
2015/11/20 0:10,999999
2015/11/20 0:20,999999
2015/11/20 0:30,999999
2015/11/20 0:40,999999
2015/11/20 0:50,999999
2015/11/20 1:00,999999
2015/11/20 1:10,999999
2015/11/20 1:20,999999
2015/11/20 1:30,999999
2015/11/20 1:40,999999
2015/11/20 1:50,999999
2015/11/20 2:00,999999
2015/11/20 2:10,999999
2015/11/20 2:20,999999
2015/11/20 2:30,999999
2015/11/20 2:40,999999
2015/11/20 2:50,999999
2015/11/20 3:00,999999
2015/11/20 3:10,999999
2015/11/20 3:20,999999
2015/11/20 3:30,999999
2015/11/20 3:40,999999
2015/11/20 3:50,999999
2015/11/20 4:00,999999
2015/11/20 4:10,999999
2015/11/20 4:20,999999
2015/11/20 4:30,999999
2015/11/20 4:40,999999
2015/11/20 4:50,999999
2015/11/20 5:00,999999
2015/11/20 5:10,999999
2015/11/20 5:20,999999
2015/11/20 5:30,999999
2015/11/20 5:40,999999
2015/11/20 5:50,999999
2015/11/20 6:00,999999
2015/11/20 6:10,999999
2015/11/20 6:20,999999
2015/11/20 6:30,999999
2015/11/20 6:40,999999
2015/11/20 6:50,999999
2015/11/20 7:00,999999
2015/11/20 7:10,999999
2015/11/20 7:20,999999
2015/11/20 7:30,999999
2015/11/20 7:40,999999
2015/11/20 7:50,999999
2015/11/20 8:00,999999
2015/11/20 8:10,999999
2015/11/20 8:20,999999
2015/11/20 8:30,999999
2015/11/20 8:40,999999
2015/11/20 8:50,999999
2015/11/20 9:00,999999
2015/11/20 9:10,999999
2015/11/20 9:20,999999
2015/11/20 9:30,999999
2015/11/20 9:40,999999
2015/11/20 9:50,999999
2015/11/20 10:00,999999
2015/11/20 10:10,999999
2015/11/20 10:20,999999
2015/11/20 10:30,999999
2015/11/20 10:40,999999
2015/11/20 10:50,999999
2015/11/20 11:00,999999
2015/11/20 11:10,999999
2015/11/20 11:20,999999
2015/11/20 11:30,999999
2015/11/20 11:40,999999
2015/11/20 11:50,999999
2015/11/20 12:00,999999
2015/11/20 12:10,999999
2015/11/20 12:20,999999
2015/11/20 12:30,999999
2015/11/20 12:40,999999
2015/11/20 12:50,999999
2015/11/20 13:00,999999
2015/11/20 13:10,999999
2015/11/20 13:20,999999
2015/11/20 13:30,999999
2015/11/20 13:40,999999
2015/11/20 13:50,999999
2015/11/20 14:00,999999
2015/11/20 14:10,999999
2015/11/20 14:20,999999
2015/11/20 14:30,999999
2015/11/20 14:40,999999
2015/11/20 14:50,999999
2015/11/20 15:00,999999
2015/11/20 15:10,999999
2015/11/20 15:20,999999
2015/11/20 15:30,999999
2015/11/20 15:40,999999
2015/11/20 15:50,999999
2015/11/20 16:00,999999
2015/11/20 16:10,999999
2015/11/20 16:20,999999
2015/11/20 16:30,999999
2015/11/20 16:40,999999
2015/11/20 16:50,999999
2015/11/20 17:00,999999
2015/11/20 17:10,999999
2015/11/20 17:20,999999
2015/11/20 17:30,999999
2015/11/20 17:40,999999
2015/11/20 17:50,999999
2015/11/20 18:00,999999
2015/11/20 18:10,999999
2015/11/20 18:20,999999
2015/11/20 18:30,999999
2015/11/20 18:40,999999
2015/11/20 18:50,999999
2015/11/20 19:00,999999
2015/11/20 19:10,999999
2015/11/20 19:20,999999
2015/11/20 19:30,999999
2015/11/20 19:40,999999
2015/11/20 19:50,999999
2015/11/20 20:00,999999
2015/11/20 20:10,999999
2015/11/20 20:20,999999
2015/11/20 20:30,999999
2015/11/20 20:40,999999
2015/11/20 20:50,999999
2015/11/20 21:00,999999
2015/11/20 21:10,999999
2015/11/20 21:20,999999
2015/11/20 21:30,999999
2015/11/20 21:40,999999
2015/11/20 21:50,999999
2015/11/20 22:00,999999
2015/11/20 22:10,999999
2015/11/20 22:20,999999
2015/11/20 22:30,999999
2015/11/20 22:40,999999
2015/11/20 22:50,999999
2015/11/20 23:00,999999
2015/11/20 23:10,999999
2015/11/20 23:20,999999
2015/11/20 23:30,999999
2015/11/20 23:40,999999
2015/11/20 23:50,999999
2015/11/21 0:00,999999
2015/11/21 0:10,999999
2015/11/21 0:20,999999
2015/11/21 0:30,999999
2015/11/21 0:40,999999
2015/11/21 0:50,999999
2015/11/21 1:00,999999
2015/11/21 1:10,999999
2015/11/21 1:20,999999
2015/11/21 1:30,999999
2015/11/21 1:40,999999
2015/11/21 1:50,999999
2015/11/21 2:00,999999
2015/11/21 2:10,999999
2015/11/21 2:20,999999
2015/11/21 2:30,999999
2015/11/21 2:40,999999
2015/11/21 2:50,999999
2015/11/21 3:00,999999
2015/11/21 3:10,999999
2015/11/21 3:20,999999
2015/11/21 3:30,999999
2015/11/21 3:40,999999
2015/11/21 3:50,999999
2015/11/21 4:00,999999
2015/11/21 4:10,999999
2015/11/21 4:20,999999
2015/11/21 4:30,999999
2015/11/21 4:40,999999
2015/11/21 4:50,999999
2015/11/21 5:00,999999
2015/11/21 5:10,999999
2015/11/21 5:20,999999
2015/11/21 5:30,999999
2015/11/21 5:40,999999
2015/11/21 5:50,999999
2015/11/21 6:00,999999
2015/11/21 6:10,999999
2015/11/21 6:20,999999
2015/11/21 6:30,999999
2015/11/21 6:40,999999
2015/11/21 6:50,999999
2015/11/21 7:00,999999
2015/11/21 7:10,999999
2015/11/21 7:20,999999
2015/11/21 7:30,999999
2015/11/21 7:40,999999
2015/11/21 7:50,999999
2015/11/21 8:00,999999
2015/11/21 8:10,999999
2015/11/21 8:20,999999
2015/11/21 8:30,999999
2015/11/21 8:40,999999
2015/11/21 8:50,999999
2015/11/21 9:00,999999
2015/11/21 9:10,999999
2015/11/21 9:20,999999
2015/11/21 9:30,999999
2015/11/21 9:40,999999
2015/11/21 9:50,999999
2015/11/21 10:00,999999
2015/11/21 10:10,999999
2015/11/21 10:20,999999
2015/11/21 10:30,999999
2015/11/21 10:40,999999
2015/11/21 10:50,999999
2015/11/21 11:00,999999
2015/11/21 11:10,999999
2015/11/21 11:20,999999
2015/11/21 11:30,999999
2015/11/21 11:40,999999
2015/11/21 11:50,999999
2015/11/21 12:00,999999
2015/11/21 12:10,999999
2015/11/21 12:20,999999
2015/11/21 12:30,999999
2015/11/21 12:40,999999
2015/11/21 12:50,999999
2015/11/21 13:00,999999
2015/11/21 13:10,999999
2015/11/21 13:20,999999
2015/11/21 13:30,999999
2015/11/21 13:40,999999
2015/11/21 13:50,999999
2015/11/21 14:00,999999
2015/11/21 14:10,999999
2015/11/21 14:20,999999
2015/11/21 14:30,999999
2015/11/21 14:40,999999
2015/11/21 14:50,999999
2015/11/21 15:00,999999
2015/11/21 15:10,999999
2015/11/21 15:20,999999
2015/11/21 15:30,999999
2015/11/21 15:40,999999
2015/11/21 15:50,999999
2015/11/21 16:00,999999
2015/11/21 16:10,999999
2015/11/21 16:20,999999
2015/11/21 16:30,999999
2015/11/21 16:40,0.4218
2015/11/21 17:00,0.4218
2015/11/21 17:10,0.4218
2015/11/21 17:20,0.4218
2015/11/21 17:30,0.4218
2015/11/21 17:40,0.4218
2015/11/21 17:50,0.4218
2015/11/21 18:00,0.4218
2015/11/21 18:10,0.4218
2015/11/21 18:20,0.4218
2015/11/21 18:30,0.4218
2015/11/21 18:40,0.4218
2015/11/21 18:50,0.4218
2015/11/21 19:00,0.4218
2015/11/21 19:10,0.4218
2015/11/21 19:20,0.4104
2015/11/21 19:30,0.4218
2015/11/21 19:40,0.4218
2015/11/21 19:50,0.4218
2015/11/21 20:00,0.4218
2015/11/21 20:10,0.4218
2015/11/21 20:20,0.4218
2015/11/21 20:30,0.4218
2015/11/21 20:40,0.4218
2015/11/21 20:50,0.4218
2015/11/21 21:00,0.4104
2015/11/21 21:10,0.4104
2015/11/21 21:20,0.4104
2015/11/21 21:30,0.4104
2015/11/21 21:40,0.4104
2015/11/21 21:50,0.4104
2015/11/21 22:00,0.4104
2015/11/21 22:10,0.4104
2015/11/21 22:20,0.4104
2015/11/21 22:30,0.4104
2015/11/21 22:40,0.4104
2015/11/21 22:50,0.4104
2015/11/21 23:00,0.4104
2015/11/21 23:10,0.4104
2015/11/21 23:20,0.4104
2015/11/21 23:30,0.4104
2015/11/21 23:40,0.4104
2015/11/21 23:50,0.4218
2015/11/22 0:00,0.4104
2015/11/22 0:10,0.4104
2015/11/22 0:20,0.4104
2015/11/22 0:30,0.4104
2015/11/22 0:40,0.4104
2015/11/22 0:50,0.4218
2015/11/22 1:00,0.4104
2015/11/22 1:10,0.4104
2015/11/22 1:20,0.4104
2015/11/22 1:30,0.4104
2015/11/22 1:40,0.4104
2015/11/22 1:50,0.4104
2015/11/22 2:00,0.4104
2015/11/22 2:10,0.4104
2015/11/22 2:20,0.4104
2015/11/22 2:30,0.4104
2015/11/22 2:40,0.4104
2015/11/22 2:50,0.4104
2015/11/22 3:00,0.4218
2015/11/22 3:10,0.4104
2015/11/22 3:20,0.4218
2015/11/22 3:30,0.4218
2015/11/22 3:40,0.4218
2015/11/22 3:50,0.4218
2015/11/22 4:00,0.4218
2015/11/22 4:10,0.4218
2015/11/22 4:20,0.4218
2015/11/22 4:30,0.4218
2015/11/22 4:40,0.4218
2015/11/22 4:50,0.4218
2015/11/22 5:00,0.4218
2015/11/22 5:10,0.4218
2015/11/22 5:20,0.4218
2015/11/22 5:30,0.4218
2015/11/22 5:40,0.4218
2015/11/22 5:50,0.4218
2015/11/22 6:00,0.4218
2015/11/22 6:10,0.4104
2015/11/22 6:20,0.4104
2015/11/22 6:30,0.4104
2015/11/22 6:40,0.4104
2015/11/22 6:50,0.4104
2015/11/22 7:00,0.4104
2015/11/22 7:10,0.4104
2015/11/22 7:20,0.4104
2015/11/22 7:30,0.4104
2015/11/22 7:40,0.4104
2015/11/22 7:50,0.4104
2015/11/22 8:00,0.4104
2015/11/22 8:10,0.4104
2015/11/22 8:20,0.4104
2015/11/22 8:30,0.4104
2015/11/22 8:40,0.4104
2015/11/22 8:50,0.4104
2015/11/22 9:00,0.4104
2015/11/22 9:10,0.4104
2015/11/22 9:20,0.4104
2015/11/22 9:30,0.4104
2015/11/22 9:40,0.4104
2015/11/22 9:50,0.4104
2015/11/22 10:00,0.4104
2015/11/22 10:10,0.4104
2015/11/22 10:20,0.4104
2015/11/22 10:30,0.4104
2015/11/22 10:40,0.4104
2015/11/22 10:50,0.4104
2015/11/22 11:00,0.4104
2015/11/22 11:10,0.4104
2015/11/22 11:20,0.4104
2015/11/22 11:30,0.4104
2015/11/22 11:40,0.4218
2015/11/22 11:50,0.4218
2015/11/22 12:00,0.4218
2015/11/22 12:10,0.4218
2015/11/22 12:20,0.4218
2015/11/22 12:30,0.4218
2015/11/22 12:40,0.4218
2015/11/22 12:50,0.4218
2015/11/22 13:00,0.4218
2015/11/22 13:10,0.4218
2015/11/22 13:20,0.4218
2015/11/22 13:30,0.4218
2015/11/22 13:40,0.4218
2015/11/22 13:50,0.4218
2015/11/22 14:00,0.4218
2015/11/22 14:10,0.4218
2015/11/22 14:20,0.4218
2015/11/22 14:30,0.4218
2015/11/22 14:40,0.4218
2015/11/22 14:50,0.4218
2015/11/22 15:00,0.4218
2015/11/22 15:10,0.4104
2015/11/22 15:20,0.4104
2015/11/22 15:30,0.4104
2015/11/22 15:40,0.4104
2015/11/22 15:50,0.4104
2015/11/22 16:00,0.4104
2015/11/22 16:10,0.4104
2015/11/22 16:20,0.4104
2015/11/22 16:30,0.4104
2015/11/22 16:40,0.4104
2015/11/22 16:50,0.4104
2015/11/22 17:00,0.4104
2015/11/22 17:10,0.4104
2015/11/22 17:20,0.4104
2015/11/22 17:30,0.4104
2015/11/22 17:40,0.4104
2015/11/22 17:50,0.4104
2015/11/22 18:00,0.4104
2015/11/22 18:10,0.4104
2015/11/22 18:20,0.399
2015/11/22 18:30,0.399
2015/11/22 18:40,0.399
2015/11/22 18:50,0.399
2015/11/22 19:00,0.399
2015/11/22 19:10,0.399
2015/11/22 19:20,0.399
2015/11/22 19:30,0.399
2015/11/22 19:40,0.399
2015/11/22 19:50,0.399
2015/11/22 20:00,0.399
2015/11/22 20:10,0.399
2015/11/22 20:20,0.399
2015/11/22 20:30,0.399
2015/11/22 20:40,0.399
2015/11/22 20:50,0.399
2015/11/22 21:00,0.399
2015/11/22 21:10,0.399
2015/11/22 21:20,0.399
2015/11/22 21:30,0.399
2015/11/22 21:40,0.399
2015/11/22 21:50,0.399
2015/11/22 22:00,0.399
2015/11/22 22:10,0.399
2015/11/22 22:20,0.399
2015/11/22 22:30,0.399
2015/11/22 22:40,0.399
2015/11/22 22:50,0.399
2015/11/22 23:00,0.399
2015/11/22 23:10,0.399
2015/11/22 23:20,0.399
2015/11/22 23:30,0.399
2015/11/22 23:40,0.399
2015/11/22 23:50,0.399
2015/11/23 0:00,0.399
2015/11/23 0:10,0.399
2015/11/23 0:20,0.399
2015/11/23 0:30,0.399
2015/11/23 0:40,0.399
2015/11/23 0:50,0.399
2015/11/23 1:00,0.399
2015/11/23 1:10,0.399
2015/11/23 1:20,0.399
2015/11/23 1:30,0.399
2015/11/23 1:40,0.399
2015/11/23 1:50,0.399
2015/11/23 2:00,0.399
2015/11/23 2:10,0.399
2015/11/23 2:20,0.399
2015/11/23 2:30,0.399
2015/11/23 2:40,0.399
2015/11/23 2:50,0.4104
2015/11/23 3:00,0.4104
2015/11/23 3:10,0.4104
2015/11/23 3:20,0.4104
2015/11/23 3:30,0.4104
2015/11/23 3:40,0.4104
2015/11/23 3:50,0.4104
2015/11/23 4:00,0.4104
2015/11/23 4:10,0.4104
2015/11/23 4:20,0.4104
2015/11/23 4:30,0.4104
2015/11/23 4:40,0.4104
2015/11/23 4:50,0.4104
2015/11/23 5:00,0.4104
2015/11/23 5:10,0.4104
2015/11/23 5:20,0.4104
2015/11/23 5:30,0.4104
2015/11/23 5:40,0.4104
2015/11/23 5:50,0.4104
2015/11/23 6:00,0.4104
2015/11/23 6:10,0.4218
2015/11/23 6:20,0.4104
2015/11/23 6:30,0.4104
2015/11/23 6:40,0.4104
2015/11/23 6:50,0.4104
2015/11/23 7:00,0.4104
2015/11/23 7:10,0.4104
2015/11/23 7:20,0.4218
2015/11/23 7:30,0.4104
2015/11/23 7:40,0.4104
2015/11/23 7:50,0.4104
2015/11/23 8:00,0.4104
2015/11/23 8:10,0.4104
2015/11/23 8:20,0.4104
2015/11/23 8:30,0.4104
2015/11/23 8:40,0.4104
2015/11/23 8:50,0.4218
2015/11/23 9:00,0.4104
2015/11/23 9:10,0.4218
2015/11/23 9:20,0.4218
2015/11/23 9:30,0.4218
2015/11/23 9:40,0.4218
2015/11/23 9:50,0.4218
2015/11/23 10:00,0.4218
2015/11/23 10:10,0.4218
2015/11/23 10:20,0.4218
2015/11/23 10:30,0.4218
2015/11/23 10:40,0.4218
2015/11/23 10:50,0.4218
2015/11/23 11:00,0.4332
2015/11/23 11:10,0.4332
2015/11/23 11:20,0.4332
2015/11/23 11:30,0.4332
2015/11/23 11:40,0.4332
2015/11/23 11:50,0.4332
2015/11/23 12:00,0.4446
2015/11/23 12:10,0.4446
2015/11/23 12:20,0.4446
2015/11/23 12:30,0.4446
2015/11/23 12:40,0.4446
2015/11/23 12:50,0.4446
2015/11/23 13:00,0.4446
2015/11/23 13:10,0.456
2015/11/23 13:20,0.456
2015/11/23 13:30,0.456
2015/11/23 13:40,0.456
2015/11/23 13:50,0.456
2015/11/23 14:00,0.456
2015/11/23 14:10,0.456
2015/11/23 14:20,0.456
2015/11/23 14:30,0.456
2015/11/23 14:40,0.456
2015/11/23 14:50,0.456
2015/11/23 15:00,0.456
2015/11/23 15:10,0.4674
2015/11/23 15:20,0.4674
2015/11/23 15:30,0.4674
2015/11/23 15:40,0.456
2015/11/23 15:50,0.456
2015/11/23 16:00,0.4674
2015/11/23 16:10,0.4674
2015/11/23 16:20,0.4674
2015/11/23 16:30,0.4674
2015/11/23 16:40,0.4674
2015/11/23 16:50,0.4674
2015/11/23 17:00,0.4674
2015/11/23 17:10,0.4674
2015/11/23 17:20,0.4674
2015/11/23 17:30,0.4674
2015/11/23 17:40,0.4674
2015/11/23 17:50,0.4674
2015/11/23 18:00,0.4674
2015/11/23 18:10,0.4674
2015/11/23 18:20,0.4674
2015/11/23 18:30,0.4674
2015/11/23 18:40,0.4674
2015/11/23 18:50,0.4674
2015/11/23 19:00,0.4674
2015/11/23 19:10,0.4674
2015/11/23 19:20,0.4674
2015/11/23 19:30,0.4674
2015/11/23 19:40,0.4674
2015/11/23 19:50,0.4674
2015/11/23 20:00,0.4674
2015/11/23 20:10,0.4674
2015/11/23 20:20,0.4674
2015/11/23 20:30,0.4674
2015/11/23 20:40,0.4674
2015/11/23 20:50,0.4674
2015/11/23 21:00,0.4674
2015/11/23 21:10,0.4674
2015/11/23 21:20,0.4674
2015/11/23 21:30,0.4674
2015/11/23 21:40,0.4674
2015/11/23 21:50,0.4674
2015/11/23 22:00,0.4674
2015/11/23 22:10,0.4788
2015/11/23 22:20,0.4788
2015/11/23 22:30,0.4788
2015/11/23 22:40,0.4788
2015/11/23 22:50,0.4788
2015/11/23 23:00,0.4788
2015/11/23 23:10,0.4788
2015/11/23 23:20,0.4788
2015/11/23 23:30,0.4788
2015/11/23 23:40,0.4788
2015/11/23 23:50,0.4788
2015/11/24 0:00,0.4788
2015/11/24 0:10,0.4788
2015/11/24 0:20,0.4902
2015/11/24 0:30,0.4788
2015/11/24 0:40,0.4902
2015/11/24 0:50,0.4902
2015/11/24 1:00,0.4902
2015/11/24 1:10,0.4902
2015/11/24 1:20,0.4902
2015/11/24 1:30,0.4902
2015/11/24 1:40,0.4902
2015/11/24 1:50,0.4902
2015/11/24 2:00,0.4902
2015/11/24 2:10,0.4902
2015/11/24 2:20,0.4902
2015/11/24 2:30,0.4902
2015/11/24 2:40,0.5016
2015/11/24 2:50,0.5016
2015/11/24 3:00,0.5016
2015/11/24 3:10,0.5016
2015/11/24 3:20,0.5016
2015/11/24 3:30,0.5016
2015/11/24 3:40,0.5016
2015/11/24 3:50,0.5016
2015/11/24 4:00,0.5016
2015/11/24 4:10,0.513
2015/11/24 4:20,0.513
2015/11/24 4:30,0.5016
2015/11/24 4:40,0.513
2015/11/24 4:50,0.513
2015/11/24 5:00,0.513
2015/11/24 5:10,0.513
2015/11/24 5:20,0.513
2015/11/24 5:30,0.513
2015/11/24 5:40,0.513
2015/11/24 5:50,0.513
2015/11/24 6:00,0.513
2015/11/24 6:10,0.513
2015/11/24 6:20,0.513
2015/11/24 6:30,0.513
2015/11/24 6:40,0.5016
2015/11/24 6:50,0.513
2015/11/24 7:00,0.513
2015/11/24 7:10,0.513
2015/11/24 7:20,0.513
2015/11/24 7:30,0.5016
2015/11/24 7:40,0.5016
2015/11/24 7:50,0.513
2015/11/24 8:00,0.5016
2015/11/24 8:10,0.5016
2015/11/24 8:20,0.5016
2015/11/24 8:30,0.513
2015/11/24 8:40,0.513
2015/11/24 8:50,0.513
2015/11/24 9:00,0.513
2015/11/24 9:10,0.513
2015/11/24 9:20,0.513
2015/11/24 9:24,0.513
2015/11/24 9:26,0.513
2015/11/24 9:28,0.513
2015/11/24 9:30,0.513
2015/11/24 9:32,0.513
2015/11/24 9:34,0.513
2015/11/24 9:36,0.513
2015/11/24 9:38,0.513
2015/11/24 9:40,0.513
2015/11/24 9:42,0.513
2015/11/24 9:44,0.513
2015/11/24 9:46,0.513
2015/11/24 9:48,0.513
2015/11/24 9:50,0.513
2015/11/24 9:52,0.513
2015/11/24 9:54,0.5016
2015/11/24 9:56,0.5016
2015/11/24 9:58,0.5016
2015/11/24 10:00,0.5016
2015/11/24 10:02,0.5016
2015/11/24 10:04,0.5016
2015/11/24 10:06,0.5016
2015/11/24 10:08,0.5016
2015/11/24 10:10,0.5016
2015/11/24 10:12,0.5016
2015/11/24 10:14,0.513
2015/11/24 10:16,0.5016
2015/11/24 10:18,0.5016
2015/11/24 10:20,0.5016
2015/11/24 10:22,0.5016
2015/11/24 10:24,0.5016
2015/11/24 10:26,0.513
2015/11/24 10:28,0.5016
2015/11/24 11:08,0.5016
2015/11/24 11:10,0.5016
2015/11/24 11:20,0.5016
2015/11/24 11:30,0.4902
2015/11/24 11:40,0.4902
2015/11/24 11:50,0.4902
2015/11/24 12:00,0.4788
2015/11/24 12:10,0.4788
2015/11/24 12:20,0.4788
2015/11/24 12:30,0.4674
2015/11/24 12:40,0.4674
2015/11/24 12:50,0.4674
2015/11/24 13:00,0.4674
2015/11/24 13:10,0.456
2015/11/24 13:20,0.456
2015/11/24 13:30,0.456
2015/11/24 13:40,0.456
2015/11/24 13:50,0.4446
2015/11/24 14:00,0.4446
2015/11/24 14:10,0.4446
2015/11/24 14:20,0.4332
2015/11/24 14:30,0.4332
2015/11/24 14:40,0.4332
2015/11/24 14:50,0.4332
2015/11/24 15:00,0.4332
2015/11/24 15:10,0.4332
2015/11/24 15:20,0.4218
2015/11/24 15:30,0.4218
2015/11/24 15:40,0.4218
2015/11/24 15:50,0.4218
2015/11/24 16:00,0.4218
2015/11/24 16:10,0.4218
2015/11/24 16:20,0.4218
2015/11/24 16:30,0.4218
2015/11/24 16:40,0.4218
2015/11/24 16:50,0.4218
2015/11/24 17:00,0.4218
2015/11/24 17:10,0.4218
2015/11/24 17:20,0.4218
2015/11/24 17:30,0.4218
2015/11/24 17:40,0.4104
2015/11/24 17:50,0.4104
2015/11/24 18:00,0.4104
2015/11/24 18:10,0.4104
2015/11/24 18:20,0.4104
2015/11/24 18:30,0.4104
2015/11/24 18:40,0.4104
2015/11/24 18:50,0.4104
2015/11/24 19:00,0.4104
2015/11/24 19:10,0.4104
2015/11/24 19:20,0.4104
2015/11/24 19:30,0.4104
2015/11/24 19:40,0.4104
2015/11/24 19:50,0.4104
2015/11/24 20:00,0.399
2015/11/24 20:10,0.399
2015/11/24 20:20,0.399
2015/11/24 20:30,0.399
2015/11/24 20:40,0.399
2015/11/24 20:50,0.4104
2015/11/24 21:00,0.399
2015/11/24 21:10,0.399
2015/11/24 21:20,0.399
2015/11/24 21:30,0.399
2015/11/24 21:40,0.4104
2015/11/24 21:50,0.399
2015/11/24 22:00,0.399
2015/11/24 22:10,0.399
2015/11/24 22:20,0.4104
2015/11/24 22:30,0.399
2015/11/24 22:40,0.4104
2015/11/24 22:50,0.4104
2015/11/24 23:00,0.4104
2015/11/24 23:10,0.4104
2015/11/24 23:20,0.4104
2015/11/24 23:30,0.4104
2015/11/24 23:40,0.4104
2015/11/24 23:50,0.4104
2015/11/25 0:00,0.4104
2015/11/25 0:10,0.4104
2015/11/25 0:20,0.4104
2015/11/25 0:30,0.4104
2015/11/25 0:40,0.4218
2015/11/25 0:50,0.4218
2015/11/25 1:00,0.4104
2015/11/25 1:10,0.4104
2015/11/25 1:20,0.4218
2015/11/25 1:30,0.4218
2015/11/25 1:40,0.4218
2015/11/25 1:50,0.4218
2015/11/25 2:00,0.4218
2015/11/25 2:10,0.4218
2015/11/25 2:20,0.4218
2015/11/25 2:30,0.4218
2015/11/25 2:40,0.4104
2015/11/25 2:50,0.4104
2015/11/25 3:00,0.4104
2015/11/25 3:10,0.4104
2015/11/25 3:20,0.4104
2015/11/25 3:30,0.4218
2015/11/25 3:40,0.4218
2015/11/25 3:50,0.4218
2015/11/25 4:00,0.4218
2015/11/25 4:10,0.4218
2015/11/25 4:20,0.4218
2015/11/25 4:30,0.4218
2015/11/25 4:40,0.4218
2015/11/25 4:50,0.4218
2015/11/25 5:00,0.4218
2015/11/25 5:10,0.4218
2015/11/25 5:20,0.4218
2015/11/25 5:30,0.4218
2015/11/25 5:40,0.4218
2015/11/25 5:50,0.4218
2015/11/25 6:00,0.4218
2015/11/25 6:10,0.4218
2015/11/25 6:20,0.4218
2015/11/25 6:30,0.4104
2015/11/25 6:40,0.4104
2015/11/25 6:50,0.4104
2015/11/25 7:00,0.4104
2015/11/25 7:10,0.4104
2015/11/25 7:20,0.4104
2015/11/25 7:30,0.4104
2015/11/25 7:40,0.4104
2015/11/25 7:50,0.4104
2015/11/25 8:00,0.4104
2015/11/25 8:10,0.4104
2015/11/25 8:20,0.4104
2015/11/25 8:30,0.4104
2015/11/25 8:40,0.4104
2015/11/25 8:50,0.4104
2015/11/25 9:00,0.4104
